State,Tourists,TemperatureMean,RainProportion
New South Wales,285.3333333333333,17.172148431680522,26.507283468126076
Queensland,164.33333333333334,22.687110540394187,29.229730957391272
South Australia,36.666666666666664,17.553879768452244,7.937309106863947
Tasmania,16.8,11.97465589118443,5.976851090083355
Victoria,173.5,14.038505560445058,12.888882039105583
Western Australia,65.58333333333333,20.061000280228562,11.72735244641939
